artista,título,letra,gênero
Anitta,Menina Ma,"Me olha e deseja que eu veja
Mas já digo: ""não vai rolar!""
Agora é tarde pra você querer me ganhar
Rebolo e te olho
Mas eu não quero mais ficar
Admito que acho graça em ver você babar



Vem, se deixa render

Vou como sereia naufragar você

Satisfaço o meu prazer

Te provocar e deixar você querer



Agora eu vou me vingar: menina má

Vou provocar, vou descer e vou instigar

Me pede beijo, desejo

Não vou beijar

Pode sonhar!

Sou uma menina má",funk pop
Anitta,Vai Malandra,"Paroles de la chanson Vai Malandra par Anitta
[MC Zaac]
Vai, vai malandra (an, an)
Êta louca, tu brincando com o bumbum (an, an)
Tutudum (an, an)
Vai malandra (an, an)
Êta louca, tu brincando com o bumbum (an, an)
Tutudum (an, an)

[Anitta]
Tá pedindo (an, an)
Se prepara, vou dançar presta atenção (an, an)
Tutudum (an, an)
Cê aguenta? (an, an)
Se eu te olhar, descer e quicar até o chão (ela brinca não)
Tutudum (an, an)


[MC Zaac & Anitta]
Desce, rebola gostoso
Empina me olhando, eu te pego de jeito
Se eu começar embrazando contigo é:
""Taca, taca, taca, taca""
Desço, rebolo gostoso
Empino te olhando
Te pego de jeito
Se eu começar embrazando contigo é (ah)

[Anitta]
Não vou mais parar
Cê vai aguentar
Não vou mais parar
Cê vai aguentar

[Maejor]

Vai malandra
Show me some
Brazilian baby, you know I want ya
Booty big, sit a glass on it
See my zipper, put that ass on it
Hypnotized by the way you shake it
I can't lie I'm tryna see you naked
Anitta baby, I'm tryna spank it
I can give it to you, can you take it?

[Ponte: MC Zaac]
Já tá louca, bebendo
Tão solta, envolvendo eu tô vendo
Não para não

[MC Zaac, Anitta & Maejor]
Vai malandra (an, an)
Êta louca, tu brincando com o bumbum (an, an)

Tutudum (an, an)
Bem malandra (an, an)
Eu tô louca, tô brincando com o bumbum (an, an)
Vai malandra (an, an)
Turn around and put it down on me (an, an)
Baby (an, an)
Vai malandra (an, an)
Êta louca, tô brincando com o bumbum (an, an)
Baby (an, an)

[MC Zaac & Anitta]
Desce, rebola gostoso
Empina me olhando, eu te pego de jeito
Se eu começar embrazando contigo é:
""Taca, taca, taca, taca""
Desço, rebolo gostoso
Empino te olhando
Te pego de jeito

Se eu começar embrazando contigo é (ah)

[Anitta]
Não vou mais parar
Cê vai aguentar
Não vou mais parar
Cê vai aguentar

[Maejor]
Yeah
Throw it back on me and Zaac (ei)
Make it clap yea I'm into that (ei)
Pullin' trax yea I'm into that (ei)
From the back yea I'm into that (ei)
Big dog to the kitty cat (ah)
Young boss where the Milly's at (ei)
In favela where it's litty at (ei)
And the whole Brazil is feelin' that


[MC Zaac]
Já tá louca, bebendo
Tão solta, envolvendo eu tô vendo
Não para não

[Refrão: MC Zaac, Anitta & Maejor]
Vai malandra (an, an)
Êta louca, tu brincando com o bumbum (an, an)
Tutudum (an, an)
Vai malandra (an, an)
Êta louca, tô brincando com o bumbum (an, an)
Baby",funk pop
Anitta,Fica Só Olhando,"Segura, se prepara, vou provocar
Se controla e repara, eu rebolar
Se comporta que eu encosto
Mas não vou grudar
Faz parte do que eu gosto
Gosto de atiçar

Mas não vá pensando

Que eu tô te chamando, não

Eu já to avisando: Fica só olhando



Não jogue ideia pra mim

Beijo tu manda pra Xuxa

Sai! Nem pense que posso ser sua

Não adianta insistir

Vá procurar uma ajuda

Sai, nem pense que posso ser sua



Não jogue ideia pra mim

Beijo tu manda pra Xuxa

Sai! Nem pense que posso ser sua

Não adianta insistir

Vá procurar uma ajuda

Sai, nem pense que posso ser sua



Segura, se prepara, vou provocar

Se controla e repara, eu rebolar

Se comporta que eu encosto

Mas não vou grudar

Faz parte do que eu gosto

Gosto de atiçar

Mas não vá pensando

Que eu tô te chamando, não

Eu já to avisando: Fica só olhando



Não jogue ideia pra mim

Beijo tu manda pra Xuxa

Sai! Nem pense que posso ser sua

Não adianta insistir

Vá procurar uma ajuda

Sai, nem pense que posso ser sua



Não jogue ideia pra mim

Beijo tu manda pra Xuxa

Sai! Nem pense que posso ser sua

Não adianta insistir

Vá procurar uma ajuda

Sai, nem pense que posso ser sua



Segura se prepara vou provocar,

Vou provocar, vou provocar

Segura se prepara vou provocar,

Vou provocar",funk pop
Anitta,Meiga E Abusada,"Eu posso conquistar tudo que eu quero
Mas foi tão fácil pra te controlar
Com jeito de menina brincalhona
A fórmula perfeita pra poder te comandar
Pensou que eu fosse cair mesmo nesse papo?

O que tá solteiro e agora quer parar

Eu finjo, vou fazendo meu teatro

E te faço de palhaço, pra te dominar



Tá fazendo tudo que eu mando

Achando que logo vai me ter

Mas no fundo eu só tô brincando com você



Poderosa, eu sou quase um anjo

Hipnose, já ganhei você

Nesse jogo vamos ver quem é que vai vencer



Toda produzida, ah

Te deixo quente

Meiga e abusada, faço você se perder

E quem foi que disse que eu estava apaixonada por você

Eu só quero saber



Linda e perfumada, ah

Na tua mente

Faz o que quiser comigo na imaginação

Homem do teu tipo eu uso, mas se chega lá eu digo não

Eu sempre digo não",funk pop
Luisa Sonza,Sagrado Profano,"Paroles de la chanson Sagrado Profano par Luísa Sonza
[Luísa Sonza]
Dirijo sozinha pela tua rua
Deitada na cama com a camisa tua
Mania de mim
Só nós dois enfim
Fim de tarde em Tom Rosé
Dá vontade de beber
Mais um trago de você
Faz fumaça pra aquecer

[Luísa Sonza]
Me olha e me encara, eu sou tua caça
Me engole e me encaixa, pode me comer
Pode me fu , ah
Pode me 


[Luísa Sonza, KayBlack]
Me encontra em todo mundo
Procura e me destrincha a fundo
Me diz qual amor não é confuso
Minado, inseguro
Ciúme de um fatídico segundo
Sagrado amor profano
Impuro amor profundo, yeah, eh-eh

[KayBlack]
Se a gente for a fundo mesmo
Pra te recordar que eu quis enfrentar
Todo esse sentimento confuso
Minado e inseguro
Como um mergulho raso
Buscando algo profundo, yeah, yeah, yeah

[KayBlack]

Não que eu seja inseguro, mas
'Cê nem me deu confiança
Eu tentei preservar o futuro em nós
Vai e vem nessa distância
E as lembranças só afetam mais
Fim de tarde nos lençóis
Bateu saudade de você sem
Sentada na cama com a minha peita branca
Me beija, me arranha, pede pra eu, ah-ah-ah
Pede pra eu fazer, pra satisfazer
O seu prazer na cama
Anoiteceu, o quarto entra em chama
E é você quem chama e eu não vou negar que
Depois das briga' eu te desejo mais, mas
Quero te ouvir falar

[Luísa Sonza, KayBlack]
Me olha e me encara, eu sou tua caça

Me engole e me encaixa, pode me comer
Pode me fu , ah
Pode me fu , ah

[Luísa Sonza, KayBlack]
Me encontra em todo mundo
Procura e me destrincha a fundo
Me diz qual amor não é confuso
Minado, inseguro
Ciúme de um fatídico segundo
Sagrado amor profano
Impuro amor profundo, yeah, eh, eh

[KayBlack]
Se a gente for a fundo mesmo
Pra te recordar que eu quis enfrentar
Todo esse sentimento confuso
Minado e inseguro

Como um mergulho raso
Buscando algo profundo, yeah, yeah, yeah",pop
Luisa Sonza,Cachorrinhas,"Paroles de la chanson CACHORRINHAS par Luísa Sonza
Uh, ah
Eu vou levar minhas cachorrinhas pra curtir no pet shop
Desfilando, patricinha, porque sou uma artista pop
Meu nariz empinadinho, não me rele, não me toque
Sou mimada e correria, cachorra de grande porte (Rawr)
Temos pedigree, coleira cara
Meu perfume caro atiça os faro dos vira-lata

Eu e minhas cachorras au-au, dá a patinha deita e rola, hahahaha
Eu e minhas cachorras au-au, dá a patinha deita e rola

Olha o meu visual, não ligo pra tua inveja, falador passa mal
Quando nós abana o rabo, eles late tudo, uau
Eu e minhas cachorras au-au, da a patinha deita e rola
Olha o meu visual, não ligo pra tua inveja, falador passa mal
Quando nós abana o rabo, eles late tudo, uau

Okay, okay, agora eu vou mostrar pra vocês as minhas meninas
Hahahaha

Cadelinha número um é a famosa Giselle
Insuportável, inadestrável, essa é minha BFF
Cadela número dois é a Britney Bitch
Ela é mandraca, nunca dá a pata
Essa é a Dudinha, a número três

Cachorra novinha, não deita pra ex
Minha gata pirada, de quatro ela vem
Essa é a Rita Lee, come quieto, come bem

Eu e minhas cachorras au-au, dá a patinha deita e rola
Olha o meu visual, não ligo pra tua inveja, falador passa mal
Quando nós abana o rabo, eles late, uau
Eu e minhas cachorras au-au, dá a patinha deita e rola
Olha o meu visual, não ligo pra tua inveja, falador passa mal
Quando nós abana o rabo, eles late, uau

Eu e minhas cachorras au-au
Olha o meu visual (Uhum)
Falador passa mal

Eles late, uau

Eu e minhas cachorras au-au, dá a patinha deita e rola
Olha o meu visual, não ligo pra tua inveja, falador passa mal
Quando nós abana o rabo, eles late, uau
Eu e minhas cachorras au-au, dá a patinha deita e rola
Olha o meu visual, não ligo pra tua inveja, falador passa mal
Quando nós abana o rabo, eles late, uau",pop
Luisa Sonza,Chico,"Paroles de la chanson Chico par Luísa Sonza
Folia pra mim, me arriscar no amor
Apostar na incerteza, pular de onde for
De novo, meu amor
Diziam pra mim que essa moda passou
Que monogamia é papo de doido
Mas pra mim é uma honra ser uma cafona
Pra esse povo

Me pinto pra disfarçar
Rebusco palavras pra te encantar
Invento uma moda, faço bossa nova
Meu futuro no Rio será, mm

Chico, se tu me quiseres
Sou dessas mulheres de se apaixonar
Pode fazer a sua fumaça, o Bar da Cachaça vai ser nosso lar

E, Chico, se tu me quiseres
Debato política, tomo o teu partido
E se for pra repartir o amor, que reparta comigo, mm
Chico, se tu me quiseres
Sou dessas mulheres de se apaixonar
Pode fazer a sua fumaça, o Bar da Cachaça vai ser nosso lar
Pois, Chico, se tu me quiseres
Debato política, tomo o teu partido
E se for pra repartir o amor, que reparta comigo, comigo",pop
Luisa Sonza,Campo De Morango,"Paroles de la chanson Campo De Morango par Luísa Sonza
Malvadona, safada
Quer crime, eu sou karma
Metida, assanhada
Só haxa do bom
Luxúria né praga, de Balenciaga
De costa' me encara, ah
Tua vizinha pelada eu sou
Na BMW borrando batom
Toda boa, boa, boa menina
Solta esse beat, eu resolvo por cima (Yeah)

Sonhei com campos de morango (Fuck that)
Tu provando da fruta enquanto eu 'tava me excitando (Fuck that, yeah)
Acordei, tu 'tava me chamando (Fuck that)
Eu 'tava de ladinho e tu ia colocando (Fuck that)

Sou uma vagabunda na tua cama
Me bota e pode falar que me ama
Eu gosto do jeitin' que tu me chama
E 'tava certa sobre toda tua fama

Segura mais um pouco que eu tô chegando lá (Fuck that)
Vai tomar do meu suco, é só lamber devagar (Fuck that, yeah)
Segura mais um pouco, eu tô chegando lá (Fuck that)
Vou tomar do teu suco, eu vou lamber devagar (Fu t-t-t-t-hat)

Malvadona, safada
Quer crime, eu sou karma
Metida, assanhada
Só haxa do bom

Luxúria né praga, de Balenciaga
De costa' me encara, ah
Tua vizinha pelada eu sou
Na BMW borrando batom
Toda boa, boa, boa menina
Solta esse beat, eu resolvo por cima

Jogando Nintendo, ouvindo Beatles
Meu lindo, meu malvado favorito
Sem bala, eu prefiro pirulito
Teu pirulito (Uh)
Teu pirulito (Ah)",pop
Luisa Sonza,Penhasco,"Sabia que a queda era grande
Mas tive que pular
Queria que a gente fosse mais alto
Quando segurei sua mão você soltou a minha
E ainda me empurrou do penhasco

E te dizer te amo agora é mais estranho

Estranho mesmo é te ver distante

Botar o nosso amor numa estante



Eu tive que desaprender a gostar tanto de você

Porque cê faz assim?

Não fala assim de mim



E eu sei que chora

Não finge que não viveu toda nossa história

Meu Deus eu pedi tanto pra não ir embora

Mas tenho que seguir meu caminho agora

E eu sei que chora

Não finge que não viveu toda nossa história

Meu Deus eu pedi tanto pra não ir embora

Mas tenho que seguir meu caminho agora



Cê sabe bem quem eu sou

Sabe que se chamar eu vou

Cê sabe bem quem eu sou

Sabe que se me chamar eu vou



E eu não sinto raiva, eu não sinto nada além

Do que você já sabe

E olha que cê sabe bem, meu bem

O tanto que eu tentei

E eu não sinto raiva, eu não sinto nada além

Do que você já sabe

E olha que cê sabe bem, meu bem

O tanto que eu tentei



Eu tive que desaprender a gostar tanto de você

Porque cê faz assim?

Não fala assim de mim



E eu sei que chora

Mas tenho que seguir o meu caminho agora



E eu sei que chora

Não finge que não viveu toda a nossa história

Meu Deus eu pedi tanto pra não ir embora

Mas tenho que seguir meu caminho agora



Cê sabe bem quem eu sou

Sabe que se chamar eu vou

Cê sabe bem quem eu sou

Sabe que se me chamar eu vou",pop
Seu Jorge,Amiga Da Minha Mulher,"Ela é amiga da minha mulher.
Pois é, pois é..
Mas vive dando em cima de mim.
Enfim, enfim..
Ainda por cima é uma tremenda gata, pra piorar minha situação.
Se fosse mulher feia tava tudo certo, mulher bonita mexe com meu coração.

Se fosse mulher feia tava tudo certo, mulher bonita mexe com meu coração.



[refrão]

Não pego, eu pego, não pego, eu pego, eu não pego não..

Não pego, eu pego, não pego, eu pego, eu não pego não..



Minha mulher me perguntou até: qual é, qual é?

Eu respondi que não tô nem aí.

Menti, menti..

De vez em quando eu fico admirando, é muita areia pro meu caminhão.

Se fosse mulher feia tava tudo certo, mulher bonita mexe com meu coração.

Se fosse mulher feia tava tudo certo, mulher bonita mexe com meu coração.



[refrão]

Não pego, eu pego, não pego, eu pego, eu não pego não..

Não pego, eu pego, não pego, eu pego, eu não pego não..



O meu cunhado já me avisou, que se eu der mole ele vai me entregar.

A minha sogra me orientou, isso não tá certo é melhor parar.

Falei, ela não quis ouvir. pedi, ela não respeitou.

Eu juro! a carne é fraca mas nunca rolou.(2x)



[repete tudo]



[refrão]

Não pego, eu pego, não pego, eu pego, eu não pego não..

Não pego, eu pego, não pego, eu pego, eu não pego não.. (4x)",MPB/samba/soul
Seu Jorge,Mina Do Condominio,"Tô namorando aquela mina
Mas não sei se ela me namora
Mina maneira do condomínio
Lá do bairro onde eu moro(BIS)
Seu cabelo me alucina

Sua boca me devora

Sua voz me ilumina

Seu olhar me apavora

Me perdi no seu sorriso

Nem preciso me encontrar

Não me mostre o paraíso

Que se eu for, não vou voltar

Pois eu vou

Eu digo ""oi"" ela nem nada

Passa na minha calçada

Dou bom dia ela nem liga

Se ela chega eu paro tudo

Se ela passa eu fico todo

Se vem vindo eu faço figa

eu mando um beijo ela não pega

pisco olho ela se nega

Faço pose ela não vê

Jogo charme ela ignora

Chego junto ela sai fora

Eu escrevo ela não lê



Minha mina

Minha amiga

Minha namorada

Minha gata

Minha sina

Do meu condomínio

Minha musa

Minha vida

Minha Monalisa

Minha Vênus

Minha deusa

Quero seu fascínio (BIS)",MPB/samba/soul
Seu Jorge,Burguesinha,"Vai no cabeleireiro
No esteticista
Malha o dia inteiro
Vida de artista
Saca dinheiro

Vai de motorista

Com seu carro esporte

Vai zoar na pista



Final de semana

Na casa de praia

Só gastando grana

Na maior gandaia

Vai pra balada

Dança bate estaca

Com a sua tribo

Até de madrugada



Burguesinha, burguesinha, burguesinha, burguesinha, burguesinha

Só no filé

Burguesinha, burguesinha, burguesinha, burguesinha, burguesinha

Tem o que quer

Burguesinha, burguesinha, burguesinha, burguesinha, burguesinha

No croissant

Burguesinha, burguesinha, burguesinha, burguesinha, burguesinha

Suquinho de maçã

Burguesinha, burguesinha, burguesinha, burguesinha",MPB/samba/soul
Seu Jorge,Carolina,"Carolina é uma menina bem difícil de esquecer
Andar bonito e um brilho no olhar
Tem um jeito adolescente que me faz enlouquecer
E um molejo que não vou te enganar
Maravilha feminina, meu docinho de pavê
Inteligente ela é muito sensual

Eu te confesso que estou apaixonado por você



O Carolina isso é muito natural

Carolina eu preciso de você

Carolina não vou suportar não te ver

Carolina eu preciso te falar

Carolina eu vou amar você



De segunda a segunda eu fico louco pra te ver

Quando eu te ligo você quase nunca está

Isso era outra coisa que eu queria te dizer

não temos tempo então melhor deixar pra lá

a princípio no Domingo o que você quer fazer

faça um pedido que eu irei realizar

olha aí amigo eu digo que ela só me dá prazer

Essa mina Carolina é de abalar



Ô Carolina eu preciso de você

Ô Carolina não vou suportar não te ver

Ô Carolina eu preciso te falar

Ô Carolina eu vou amar você

Carolina, Carolina



Carolina, preciso te encontrar

Carolina, me sinto muito só

Carolina, preciso te dizer

Ô Carolina eu só quero amar você

Carol, Carol, Carol...",MPB/samba/soul
Djavan,Oceano,"Assim
Que o día amanheceu
Lá no mar alto da paixão
Dava pra ver o tempo ruir
Cadê você? Que solidão!
Esquecera de mim



Enfim

De tudo que há na terra

Não há nada em lugar nenhum

Que vá crescer sem voce chegar

Longe de ti tudo parou

Ninguém sabe o que eu sofri



Amar é um deserto

E seus temores

Vida que vai na sela

Dessas dores

Não sabe voltar

Me dá teu calor



Vem me fazer feliz

Porque eu te amo

Você deságua em mim

E eu oceano

Esqueço que amar

é quase uma dor

Só sei

Viver

Se for

Por você",MPB
Djavan,Flor De Lis,"Valei-me, Deus!
é o fim do nosso amor
Perdoa, por favor
Eu sei que o erro aconteceu
Mas não sei o que fez
Tudo mudar de vez

Onde foi que eu errei?

Eu só sei que amei,

Que amei, que amei, que amei



Será talvez

Que minha ilusão

Foi dar meu coração

Com toda força

Pra essa moça

Me fazer feliz

E o destino não quis

Me ver como raiz

De uma flor de lis



E foi assim que eu vi

Nosso amor na poeira,

Poeira

Morto na beleza fria de Maria



E o meu jardim da vida

Ressecou, morreu

Do pé que brotou Maria

Nem margarida nasceu



E o meu jardim da vida

Ressecou, morreu

Do pé que brotou Maria

Nem margarida nasceu",MPB
Djavan,Eu Te Devoro,"Teus sinais
Me confundem da cabeça aos pés
Mas por dentro eu te devoro
Teu olhar
Não me diz exato quem tu és
Mesmo assim eu te devoro



Te devoraria a qualquer preço

Porque te ignoro ou te conheço

Quando chove ou quando faz frio

Noutro plano

Te devoraria tal Caetano

A Leonardo Di Caprio



É um milagre

Tudo que Deus criou

Pensando em você

Fez a via-láctea

Fez os dinossauros

Sem pensar em nada

Fez a minha vida

E te deu



Sem contar os dias

Que me faz morrer

Sem saber de ti

Jogado à Solidão

Mas se quer saber

Se eu quero outra vida

Não! Não!



Teus sinais

Me confundem da cabeça aos pés

Mas por dentro eu te devoro

Teu olhar

Não me diz exato quem tu és

Mesmo assim eu te devoro



Te devoraria a qualquer preço

Porque te ignoro ou te conheço

Quando chove ou quando faz frio

Noutro plano

Te devoraria tal Caetano

A Leonardo Di Caprio



É um milagre

Tudo que Deus criou

Pensando em você

Fez a via-láctea

Fez os dinossauros

Sem pensar em nada

Fez a minha vida

E te deu



Sem contar os dias

Que me faz morrer

Sem saber de ti

Jogado à Solidão

Mas se quer saber

Se eu quero outra vida

Não! Não!



Eu quero mesmo é viver

Pra esperar, esperar

Devorar você



Eu quero mesmo é viver

Pra esperar, esperar

Devorar você



Viver, viver

Pra esperar você

Quero viver

Pra esperar você

Quero esperar você",MPB
Djavan,Se,"Você disse que n?o sabe se não
Mas também não tem certeza que sim
Quer saber?
Quando é assim
Deixa vir do coração
Você sabe que eu só penso em você

Você diz que vive pensando em mim

Pode ser

Se é assim

Você tem que largar a mão do não

Soltar essa louca, arder de paixão

Não há como doer pra decidir

Só dizer sim ou não

Mas você adora um se...

Eu levo a sério mas você disfarça

Você me diz á  beça e eu nessa de horror

E me remete ao frio que vem lá do Sul

Insiste em zero a zero e eu quero um a um

Sei lá o que te dá, não quer meu calor

São Jorge, por favor, me empresta o dragão

Mais fácil aprender japonês em Braille

Do que você decidir se dá ou não",MPB
Djavan,Sina,"Pai e mãe, ouro de mina
Coração, desejo e sina
Tudo mais, pura rotina, jazz
Tocarei seu nome pra poder falar de amor
Minha princesa, art-nouveau

Da natureza, tudo o mais

Pura beleza, jazz



A luz de um grande prazer

É irremediável neon

Quando o grito do prazer

Açoitar o ar, réveillon



O luar, estrela do mar

O sol e o dom

Quiçá, um dia, a fúria desse front

Virá lapidar o sonho

Até gerar o som

Como querer Caetanear

O que há de bom",MPB
Djavan,Um Amor Puro,"O que há dentro do meu coração
Eu tenho guardado pra te dar
E todas as horas que o tempo
Tem pra me conceder
São tuas até morrer

E a tua história, eu não sei

Mas me diga só o que for bom

Um amor tão puro que ainda nem sabe

A força que tem

é teu e de mais ninguém



Te adoro em tudo, tudo, tudo

Quero mais que tudo, tudo, tudo

Te amar sem limites

Viver uma grande história



Aqui ou noutro lugar

Que pode ser feio ou bonito

Se nós estivermos juntos

Haverá um céu azul



Um amor puro

Não sabe a força que tem

Meu amor eu juro

Ser teu e de mais ninguém

Um amor puro",MPB
Jorge Ben Jor,Pais Tropical,"Moro num país tropical
Abençoado por Deus
E bonito por natureza (mas que beleza)
Em fevereiro (em fevereiro)
Tem carnaval (tem carnaval)
Eu tenho um fusca e um violão

Sou Flamengo, tenho uma nêga chamada Tereza



Sambaby, Sambaby

Sou um menino de mentalidade mediana

(Pois é)

Mas assim mesmo, feliz da vida

Pois eu não devo nada a ninguém

(Pois é)

Pois eu sou feliz

Muito feliz comigo mesmo



Moro num país tropical

Abençoado por Deus

E bonito por natureza (mas que beleza)

Em fevereiro (em fevereiro)

Tem carnaval (tem carnaval)

Eu tenho um fusca e um violão

Sou Flamengo, tenho uma nêga chamada Tereza



Sambaby, Sambaby

Eu posso não ser um band leader

(Pois é)

Mas assim mesmo lá em casa

Todos meus amigos, meus camaradinhas me respeitam

(Pois é)

Essa é a razão da simpatia

Do poder, do algo mais e da alegria



Moro num país tropical

Abençoado por Deus

E bonito por natureza (mas que beleza)

Em fevereiro (em fevereiro)

Tem carnaval (tem carnaval)

Eu tenho um fusca e um violão

Sou Flamengo, tenho uma nêga chamada Tereza



Mó num pá tropi

Abençoá por De

E boni por naturê (mas que belê)

Em feverê (em feverê)

Tem carná (tem carná)

Eu tenho um fu e um viô

Sou Flamê, tenho uma nê chamá Terê

Sou Flamê, tenho uma nê chamá Terê

Eu sou Flamê, tenho uma nê chamá Terê

Eu sou Flamê, tenho uma nê chamá Terê

Eu sou Flamê, tenho uma nê chamá Terê

Do meu Brasil



Moro num país tropical

Abençoado por Deus

E bonito por natureza (mas que beleza)

Em fevereiro (em fevereiro)

Tem carnaval (tem carnaval)

Eu tenho um fusca e um violão

Sou Flamengo, tenho uma nêga chamada Tereza



A cuiquinha, a cuiquinha!



Moro num país tropical (bibi)

Abençoado por Deus

E bonito por natureza (esse ""bibi"" foi o bicampeão mundial)

Em fevereiro (em fevereiro)

Tem carnaval (tem carnaval)

Eu tenho um fusca e um violão

Sou Flamengo, tenho uma nêga chamada Tereza



Moro num país tropical

Abençoado por Deus

E bonito por natureza (mas que beleza)

Em fevereiro (em fevereiro)

Tem carnaval (tem carnaval)

Eu tenho um fusca e um violão

Sou Flamengo e tenho uma nêga chamada Tereza

Oh, sou Flamengo e tenho uma nêga chamada Tereza

Sou Flamengo e tenho uma nêga chamada Tereza (bye-bye)

Sou Flamengo e tenho uma nêga chamada Tereza (eu sou Flamengo)

Sou Flamengo e tenho uma nêga chamada Tereza (e tenho uma nêga chamada Tereza)

Sou Flamengo e tenho uma nêga chamada Tereza (e viva o Flamengo, e viva minha nêga Tereza)

Sou Flamengo e tenho uma nêga chamada Tereza (e viva o Brasil, e viva...)",MPB
Jorge Ben Jor,Filho Maravilha,"E novamente ele chegou com inspiração
Com muito amor, com emoção, com explosão e gol
Sacudindo a torcida aos 33 minutos do segundo tempo
Depois de fazer uma jogada celestial em gol
Tabelou, driblou dois zagueiros

Deu um toque driblou o goleiro

Só não entrou com bola e tudo

Porque teve humildade em gol



Foi um gol de classe

Onde ele mostrou sua malícia e sua raça



Foi um gol de anjo, um verdadeiro gol de placa

E a magnética agradecida assim cantava



Foi um gol de anjo, um verdadeiro gol de placa

E a magnética agradecida assim cantava



Filho maravilha, nós gostamos de você

Filho maravilha, faz mais um pra gente vê



Filho maravilha, nós gostamos de você

Filho maravilha, faz mais um pra gente vê



Filho Maravilha!",MPB
Iza,Dona De Mim,"Já me perdi tentando me encontrar
Já fui embora querendo nem voltar
Penso duas vezes antes de falar
Porque a vida é louca, mano, a vida é louca
Sempre fiquei quieta, agora vou falar

Se você tem boca, aprende a usar

Sei do meu valor, e a cotação é dólar

Porque a vida é louca, mano, a vida é louca



Me perdi pelo caminho

Mas não paro, não

Já chorei mares e rios

Mas não afogo, não



Sempre dou o meu jeitinho

É bruto, mas é com carinho

Porque Deus me fez assim

Dona de mim



Deixo a minha fé guiar

Sei que um dia chego lá

Porque Deus me fez assim

Dona de mim



Já não me importa a sua opinião 

O seu conceito não altera minha visão

Foi tanto sim, que agora digo não

Porque a vida é louca, mano, a vida é louca



Quero saber só do que me faz bem

Papo furado não me entretém

Não me limite que eu quero ir além

Porque a vida é louca, mano, a vida é louca



Me perdi pelo caminho

Mas não paro, não

Já chorei mares e rios

Mas não afogo, não



Sempre dou o meu jeitinho

É bruto, mas é com carinho

Porque Deus me fez assim

Dona de mim



Deixo a minha fé guiar

Sei que um dia chego lá

Porque Deus me fez assim

Dona de mim",R&B
Ivete Sangalo,O Mundo Vai,"Oxente!
Música do Carnaval!
Ó, o que tá rolando aí?
É o Carnaval que tá chegando, viu?
Todo mundo mundo vai

Todo mundo mundo vai

Todo mundo mundo

Todo mundo vai vai



Traga todo mundo

Chama o povo de casa

As amiga mais louca

Chama a rapaziada

Todo mundo na rua

De cabeça virada

De roupa colorida

Com a alma lavada



Bota lá no grupo que o couro tá comendo

E quando ela passa todo mundo vai atrás

Todo mundo mundo vai

Todo mundo mundo vai

Todo mundo mundo vai



Desce uma dose de beijo

Deixa minha boca molhada

O amor tá fazendo piseiro

Ferve no meu fevereiro

Dona do meu coração

Essa é pra trincar o concreto do chão

Desce uma dose de beijo

Deixa minha boca molhada

O amor tá fazendo piseiro

Ferve no meu fevereiro

Dona do meu coração

Essa é pra trincar o concreto do chão



Aê, aê, aê, aê

Venha ver, venha ver

Aê, aê

Aê, aê, aê, aê

Venha ver, venha ver

Aê, aê



Traga todo mundo

Chama o povo de casa

As amiga mais louca

Chama a rapaziada

Todo mundo na rua

De cabeça virada

De roupa colorida

Com a alma lavada



Bota lá no grupo que o couro tá comendo

E quando ela passa todo mundo vai atrás

Todo mundo mundo vai

Todo mundo mundo vai

Todo mundo mundo vai



Desce uma dose de beijo

Deixa minha boca molhada

O amor tá fazendo piseiro

Ferve no meu fevereiro

Dona do meu coração

Essa é pra trincar o concreto do chão

Desce uma dose de beijo

Deixa minha boca molhada

O amor tá fazendo piseiro

Ferve no meu fevereiro

Dona do meu coração

Essa é pra trincar o concreto do chão



Aê, aê, aê, aê

Venha ver, venha ver

Aê, aê

Aê, aê, aê, aê

Venha ver, venha ver

Aê, aê

Aê, aê, aê, aê

Venha ver, venha ver

Aê, aê

Aê, aê, aê, aê

Venha ver, venha ver

Aê, aê



Todo mundo mundo vai

Todo mundo mundo vai

Todo mundo mundo

Todo mundo

Todo mundo vai



Desce uma dose de beijo

Deixa minha boca molhada

O amor tá fazendo piseiro

Ferve no meu fevereiro

Dona do meu coração

Essa é pra trincar o concreto do chão

Desce uma dose de beijo

Deixa minha boca molhada

O amor tá fazendo piseiro

Ferve no meu fevereiro

Dona do meu coração

Essa é pra trincar o concreto do chão



Aê, aê, aê, aê

Venha ver, venha ver

Aê, aê

Aê, aê, aê, aê

Venha ver, venha ver

Aê, aê

Aê, aê, aê, aê

Venha ver, venha ver

Aê, aê

Aê, aê, aê, aê

Venha ver, venha ver

Aê, aê



Todo mundo mundo vai

Todo mundo mundo vai

Todo mundo mundo

Todo mundo

Todo mundo vai

Música do Carnaval!

Ai que gostoso



Todo mundo mundo vai

Todo mundo mundo vai

Todo mundo mundo

Todo mundo

Todo mundo vai",axé/pop
Ivete Sangalo,Quando A Chuva Passar,"Paroles de la chanson Quando a chuva passar par Ivete Sangalo
Pra que falar?
Se você não quer me ouvir
Fugir agora não resolve nada

Mas não vou chorar
Se você quiser partir
Às vezes a distância ajuda
E essa tempestade um dia vai acabar

Só quero te lembrar
De quando a gente andava nas estrelas
Nas horas lindas que passamos juntos
A gente só queria amar e amar
E hoje eu tenho certeza
A nossa história não termina agora
Pois essa tempestade um dia vai acabar


Quando a chuva passar
Quando o tempo abrir
Abra a janela e veja: eu sou o sol
Eu sou céu e mar
Eu sou seu e fim
E o meu amor é imensidão

Só quero te lembrar
De quando a gente andava nas estrelas
Nas horas lindas que passamos juntos
A gente só queria amar e amar
E hoje eu tenho certeza
A nossa história não termina agora
Pois essa tempestade um dia vai acabar

Quando a chuva passar
Quando o tempo abrir

Abra a janela e veja: eu sou o sol
Eu sou céu e mar
Eu sou seu e fim
E o meu amor é imensidão

Quando a chuva passar
Quando o tempo abrir
Abra a janela e veja: eu sou o sol
Eu sou céu e mar
Eu sou seu e fim
E o meu amor é imensidão",axé/pop
Caetano Veloso,Samba De Verão,"Você viu só que amor
Nunca vi coisa assim
E passou, nem parou
Mas olhou só pra mim...
Se voltar vou atrás

Vou pedir, vou falar

Vou dizer que o amor

Foi feitinho prá dar...



Olha, é como o verão

Quente o coração

Salta de repente

Para ver

A menina que vem...



Ela vem sempre tem

Esse mar no olhar

E vai ver, tem que ser

Nunca tem quem amar

Hoje sim, diz que sim

Já cansei de esperar

Não parei, nem dormi

Só pensando em me dar...



Peço, mas você não vem

Bem!

Deixo então!

Olho o céu

Falo só

Mas você vem...



Deixo então!

Olho o céu

Falo só

Mas você vem... (2x)



(Thanks to Rafael for these lyrics)",MPB
Caetano Veloso,Pecado,"Yo no sé si es prohibido
Si no tiene perdón
Si me lleva al abismo
solo sé que es amor
Yo no sé si este amor es pecado que tiene castigo

Si es faltar a las leyes honradas

Del hombre y de Dios

Solo sé que aturde la vida

Como un torbellino

Que me arrastra, me arrastra

A tus brazos en ciega passión



Es más fuerte que yo

Que mi vida, micredo y mi sino

Es más fuerte que todo el respeto

Y el temor de Dios



Aunque sea pecado

Te quiero, te quiero lo mismo

Y aunque todo me niegue el derecho

Me aferro a este amor",MPB
Caetano Veloso,Sonhos,"Paroles de la chanson Sonhos par Caetano Veloso
Tudo era apenas uma brincadeira
E foi crescendo, crescendo, me absorvendo
E de repente eu me vi assim
Completamente seu
Vi a minha força amarrada no seu passo
Vi que sem você não há caminho, eu não me acho
Vi um grande amor gritar dentro de mim
Como eu sonhei um dia
Quando o meu mundo era mais mundo
E todo mundo admitia
Uma mudança muito estranha
Mais pureza, mais carinho, mais calma, mais alegria
No meu jeito de me dar
Quando a canção se fez mais clara e mais sentida

Quando a poesia realmente fez folia em minha vida
Você veio me falar dessa paixão inesperada por outra pessoa
Mas não tem revolta, não
Só quero que você se encontre
Saudade até que é bom
Melhor que caminhar vazio
A esperança é um dom
Que eu tenho em mim
Eu tenho sim
Não tem desespero, não
Você me ensinou milhões de coisas
Tenho um sonho em minhas mãos
Amanhã será um novo dia
Certamente eu vou ser mais feliz
Quando o meu mundo era mais mundo
E todo mundo admitia
Uma mudança muito estranha

Mais pureza, mais carinho, mais calma, mais alegria
No meu jeito de me dar
Quando a canção se fez mais clara e mais sentida
Quando a poesia realmente fez folia em minha vida
Você veio me falar dessa paixão inesperada por outra pessoa
Não tem revolta, não
Só quero que você se encontre
Saudade até que é bom
Melhor que caminhar vazio
A esperança é um dom
Que eu tenho em mim
Eu tenho sim
Tem desespero, não
Você me ensinou milhões de coisas
Tenho um sonho em minhas mãos

Amanhã será um novo dia
Certamente eu vou ser mais feliz",MPB
Caetano Veloso,Sozinho,"Às vezes, no silêncio da noite
Eu fico imaginando nós dois
Eu fico ali sonhando acordado, juntando
o antes, o agora e o depois
por que você me deixa tão solto?
por que você não cola em mim?

Tô me sentindo muito sozinho!



Não sou nem quero ser o seu dono

É que um carinho às vezes cai bem

Eu tenho meus segredos e planos secretos

só abro pra você mais ninguém

por que você me esquece e some?

e se eu me interessar por alguém?

e se ela, de repente, me ganha?



Quando a gente gostaé claro que a gente cuida

fala que me ama

só que é da boca pra fora

ou você me engana

ou não está madura

onde está você agora?



Quando a gente gostaé claro que a gente cuida

fala que me ama

só que é da boca pra fora

ou você me engana

ou não está madura

onde está você agora?



A veces en el silencio de la noche

me quedo imaginando a nosotros dos

me quedo ahí, soñando despierto, juntando

el antes, el ahora y el después

¿Por qué me dejas tan suelto?

¿por qué no te pegas a mí?

Me estoy sintiendo muy solo...



No soy ni quiero ser tu dueño

es que un cariño a veces cae bien

Yo tengo mis secretos y planes ocultos

que sólo abro para tí y nadie más

¿Por qué me olvidas y me hundes?

¿Y si yo me interesase en alguien?

¿Y si ella, de repente, me engaña?



Si es que nos gustamos, es claro que nos cuidamos

Dice que me ama, sólo de boca hacia afuera

O vos me engañas

o no estás madura

¿dónde estás ahora?





(Gracias a Maria Isabel por esta letra)",MPB
